{"cameraMode":{"drawMode":0,"name":"Shaded","section":"Shading Mode"},"sceneLighting":false,"audioPlay":false,"sceneViewState":{"showFog":true,"showMaterialUpdate":true,"showSkybox":false,"showFlares":true,"showImageEffects":true,"showParticleSystems":true},"in2DMode":false,"pivot":{"x":-19.649999618530275,"y":0.30000001192092898,"z":0.18000000715255738},"rotation":{"x":0.2560637593269348,"y":0.40579649806022646,"z":-0.11955474317073822,"w":0.8691828846931458},"size":0.6204835772514343,"orthographic":false}