{"cameraMode":{"drawMode":0,"name":"Shaded","section":"Shading Mode"},"sceneLighting":false,"audioPlay":false,"sceneViewState":{"showFog":true,"showMaterialUpdate":true,"showSkybox":false,"showFlares":true,"showImageEffects":true,"showParticleSystems":true},"in2DMode":false,"pivot":{"x":-23.290000915527345,"y":8.399999618530274,"z":-4.728607177734375},"rotation":{"x":0.2560637593269348,"y":0.40579649806022646,"z":-0.11955474317073822,"w":0.8691828846931458},"size":0.4330126941204071,"orthographic":false}