{"cameraMode":{"drawMode":0,"name":"Shaded","section":"Shading Mode"},"sceneLighting":true,"audioPlay":false,"sceneViewState":{"showFog":true,"showMaterialUpdate":true,"showSkybox":true,"showFlares":true,"showImageEffects":true,"showParticleSystems":true},"in2DMode":false,"pivot":{"x":-10.521211624145508,"y":-1.2454700469970704,"z":7.887424945831299},"rotation":{"x":-0.17795412242412568,"y":0.7709754705429077,"z":-0.24484290182590486,"w":-0.5603629350662231},"size":6.359525680541992,"orthographic":false}