{"cameraMode":{"drawMode":0,"name":"Shaded","section":"Shading Mode"},"sceneLighting":false,"audioPlay":false,"sceneViewState":{"showFog":true,"showMaterialUpdate":true,"showSkybox":false,"showFlares":true,"showImageEffects":true,"showParticleSystems":true},"in2DMode":false,"pivot":{"x":-16.639999389648439,"y":1.0199999809265137,"z":-7.53000020980835},"rotation":{"x":0.07055803388357163,"y":0.2763737738132477,"z":-0.02035011351108551,"w":0.9582444429397583},"size":0.8660256862640381,"orthographic":false}